Algorithm,Silhouette_Score,Davies_Bouldin_Index,Calinski_Harabasz_Index,Number_of_Clusters,Validation_ARI
KMeans,0.5492080245361618,0.6507324452323899,6503.54430806023,5,0.968876994401037
Hierarchical,0.5457303787640725,0.6549324590036105,6437.622627896172,5,0.9616534842444061
DBSCAN,-1.0,inf,0.0,1,
GMM,0.5489220868695576,0.6514173234224746,6495.93881321721,5,0.968801691509429
